treatment,plot_id,flux_date,flux_time,flux_year,flux_doy,carbon_type,CO2_raw,CO2_raw_unit,CO2_raw_slope,PAR,soil_temperature_5cm,chamber_temperature,flux_duration
others,85 WN1C 162,2021-06-04,10:48:30,2021,155,NEE,1.0579224976125265,umol CO2 m-2 s-1,non-linear slope,366.68,14.58,18.42,180
others,85 WN1C 162,2021-06-04,10:54:00,2021,155,Rec,11.545042960920352,umol CO2 m-2 s-1,non-linear slope,0.06,14.39,17.94,180
others,105 WN3C 173,2021-06-04,12:53:40,2021,155,NEE,NA,umol CO2 m-2 s-1,non-linear slope,1376.66,18.66,27.92,180
others,105 WN3C 173,2021-06-04,12:57:40,2021,155,Rec,11.419785546997726,umol CO2 m-2 s-1,non-linear slope,0.18,18.21,25.53,180
others,158 WN2C 199,2021-06-05,12:40:30,2021,156,NEE,-3.6685461200173943,umol CO2 m-2 s-1,non-linear slope,643.84,16.52,28.37,180
others,158 WN2C 199,2021-06-05,12:45:00,2021,156,Rec,15.77868925029613,umol CO2 m-2 s-1,non-linear slope,1.55,16.4,26.68,180
CTL,81 AN1C 81,2021-06-06,13:45:30,2021,157,NEE,-7.526808386149037,umol CO2 m-2 s-1,non-linear slope,1067.14,18.12,25.28,180
CTL,81 AN1C 81,2021-06-06,13:49:30,2021,157,Rec,2.910594776404779,umol CO2 m-2 s-1,non-linear slope,4.41,18.4,23.89,180
CTL,109 AN3C 109,2021-06-06,15:31:00,2021,157,NEE,4.430360736893839,umol CO2 m-2 s-1,non-linear slope,456.54,21.46,21.07,180
CTL,109 AN3C 109,2021-06-06,15:35:00,2021,157,Rec,10.688359684987601,umol CO2 m-2 s-1,non-linear slope,2.47,20.89,19.76,180
CTL,156 AN2C 156,2021-06-07,14:20:10,2021,158,NEE,-0.9704788599159949,umol CO2 m-2 s-1,non-linear slope,1649.7,19.64,31.5,180
CTL,156 AN2C 156,2021-06-07,14:24:00,2021,158,Rec,21.771509327950348,umol CO2 m-2 s-1,non-linear slope,4.31,18.14,28.2,180
CTL,4 AN1C 4,2021-06-21,14:03:30,2021,172,NEE,-2.7271782055887543,umol CO2 m-2 s-1,non-linear slope,530.08,9.16,12.62,180
CTL,4 AN1C 4,2021-06-21,14:08:00,2021,172,Rec,3.8928169660162277,umol CO2 m-2 s-1,non-linear slope,2.06,9.08,11.27,180
CTL,27 AN3C 27,2021-06-21,15:03:45,2021,172,NEE,-4.066744165017683,umol CO2 m-2 s-1,non-linear slope,640.19,12.6,13.74,180
CTL,27 AN3C 27,2021-06-21,15:08:10,2021,172,Rec,-0.49635068184976716,umol CO2 m-2 s-1,non-linear slope,3.29,12.59,13.28,180
CTL,77 AN2C 77,2021-06-22,12:24:55,2021,173,NEE,-0.36825098980126814,umol CO2 m-2 s-1,non-linear slope,450.61,11.14,20.46,180
CTL,77 AN2C 77,2021-06-22,12:28:45,2021,173,Rec,3.6605869144655165,umol CO2 m-2 s-1,non-linear slope,0.67,10.76,18.01,180
others,74 WN2C 155,2021-06-23,11:02:00,2021,174,NEE,-2.8723822436862303,umol CO2 m-2 s-1,non-linear slope,537.69,14.14,24.96,180
others,74 WN2C 155,2021-06-23,11:06:10,2021,174,Rec,4.735128004966819,umol CO2 m-2 s-1,non-linear slope,2.99,14.12,22.98,180
others,3 WN1C 85,2021-06-23,13:36:35,2021,174,NEE,-5.794026489952133,umol CO2 m-2 s-1,non-linear slope,1432.16,16.62,29.42,180
others,3 WN1C 85,2021-06-23,13:40:50,2021,174,Rec,21.710444464022945,umol CO2 m-2 s-1,non-linear slope,4.13,16.7,26.69,180
others,29 WN3C 106,2021-06-23,14:43:25,2021,174,NEE,2.763002621156458,umol CO2 m-2 s-1,non-linear slope,1090.01,18.15,27.6,180
others,29 WN3C 106,2021-06-23,14:48:05,2021,174,Rec,25.850942662519987,umol CO2 m-2 s-1,non-linear slope,2.82,18.06,25.87,180
others,74 WN2C 155,2021-07-12,16:15:40,2021,193,NEE,4.465819597506143,umol CO2 m-2 s-1,non-linear slope,576.41,19.09,26.74,180
others,74 WN2C 155,2021-07-12,16:20:15,2021,193,Rec,17.884288796555648,umol CO2 m-2 s-1,non-linear slope,3.43,18.8,25.38,180
CTL,156 AN2C 156,2021-07-12,16:24:45,2021,193,NEE,15.382740577309354,umol CO2 m-2 s-1,non-linear slope,1339.37,17.59,29.89,180
CTL,156 AN2C 156,2021-07-12,16:29:10,2021,193,Rec,37.44029631049096,umol CO2 m-2 s-1,non-linear slope,3.61,17.58,28.82,180
others,158 WN2C 199,2021-07-13,14:55:00,2021,194,NEE,23.112287585117475,umol CO2 m-2 s-1,non-linear slope,421.23,18.67,27.29,180
others,158 WN2C 199,2021-07-13,14:59:30,2021,194,Rec,16.278477599934536,umol CO2 m-2 s-1,non-linear slope,1.66,18.17,25.4,180
others,85 WN1C 162,2021-07-14,14:17:30,2021,195,NEE,0,umol CO2 m-2 s-1,non-linear slope,467.22,19.17,24.28,180
others,85 WN1C 162,2021-07-14,14:22:10,2021,195,Rec,24.169703984516698,umol CO2 m-2 s-1,non-linear slope,5.57,18.95,23.43,180
others,105 WN3C 173,2021-07-14,15:44:55,2021,195,NEE,21.035044648799843,umol CO2 m-2 s-1,non-linear slope,1442.32,22.8,33.31,180
others,105 WN3C 173,2021-07-14,15:49:00,2021,195,Rec,34.156249987069685,umol CO2 m-2 s-1,non-linear slope,3.23,22.61,31.45,180
CTL,81 AN1C 81,2021-07-15,13:25:55,2021,196,NEE,10.745666636574956,umol CO2 m-2 s-1,non-linear slope,1336.12,20.34,29.27,180
CTL,81 AN1C 81,2021-07-15,13:30:30,2021,196,Rec,21.961933465947205,umol CO2 m-2 s-1,non-linear slope,2.89,19.77,25.89,180
others,3 WN1C 85,2021-07-15,14:06:00,2021,196,NEE,1.2573253635849526,umol CO2 m-2 s-1,non-linear slope,1175.75,19.56,25.41,180
others,3 WN1C 85,2021-07-15,14:10:30,2021,196,Rec,23.957746034753665,umol CO2 m-2 s-1,non-linear slope,1.33,19.19,24.01,180
CTL,109 AN3C 109,2021-07-15,15:19:45,2021,196,NEE,NA,umol CO2 m-2 s-1,non-linear slope,1769.33,22.61,29.84,180
CTL,109 AN3C 109,2021-07-15,15:23:30,2021,196,Rec,28.084475928879325,umol CO2 m-2 s-1,non-linear slope,5.66,22.28,28.59,180
others,29 WN3C 106,2021-07-15,15:34:25,2021,196,NEE,-4.0835111438617675,umol CO2 m-2 s-1,non-linear slope,1645.65,19.88,29.96,180
others,29 WN3C 106,2021-07-15,15:37:55,2021,196,Rec,15.239089146879463,umol CO2 m-2 s-1,non-linear slope,6.05,19.59,27.75,180
CTL,77 AN2C 77,2021-07-16,12:21:30,2021,197,NEE,-3.22402100947003,umol CO2 m-2 s-1,non-linear slope,741.9,15.71,21.9,180
CTL,77 AN2C 77,2021-07-16,12:43:30,2021,197,Rec,5.581907482544393,umol CO2 m-2 s-1,non-linear slope,3.71,15.19,19.58,180
CTL,27 AN3C 27,2021-07-16,13:51:05,2021,197,NEE,-1.919068190413217,umol CO2 m-2 s-1,non-linear slope,1367.63,18.96,25.46,180
CTL,27 AN3C 27,2021-07-16,13:54:55,2021,197,Rec,9.072094429250054,umol CO2 m-2 s-1,non-linear slope,5.33,18.94,24.2,180
CTL,4 AN1C 4,2021-07-16,15:15:30,2021,197,NEE,-2.7614518136607873,umol CO2 m-2 s-1,non-linear slope,939.04,17.97,25.24,180
CTL,4 AN1C 4,2021-07-16,15:19:05,2021,197,Rec,5.5119300285825945,umol CO2 m-2 s-1,non-linear slope,2.94,17.74,23.56,180
CTL,77 AN2C 77,2021-08-17,12:54:10,2021,229,NEE,-0.30518489844805147,umol CO2 m-2 s-1,non-linear slope,718.05,11.2,20.32,180
CTL,77 AN2C 77,2021-08-17,12:58:15,2021,229,Rec,4.138564860294824,umol CO2 m-2 s-1,non-linear slope,3.25,11.18,19.32,180
CTL,27 AN3C 27,2021-08-17,14:57:50,2021,229,NEE,-0.2537640577984351,umol CO2 m-2 s-1,non-linear slope,1482.2,23.02,26.49,180
CTL,27 AN3C 27,2021-08-17,15:02:05,2021,229,Rec,4.768759910661011,umol CO2 m-2 s-1,non-linear slope,4.83,18.13,24.23,180
CTL,4 AN1C 4,2021-08-17,16:32:30,2021,229,NEE,1.1307349375813571,umol CO2 m-2 s-1,non-linear slope,781.16,18.36,25.32,180
CTL,4 AN1C 4,2021-08-17,16:37:00,2021,229,Rec,2.451760935080377,umol CO2 m-2 s-1,non-linear slope,2.9,18.23,21.73,180
others,3 WN1C 85,2021-08-18,10:17:50,2021,230,NEE,10.748322387674289,umol CO2 m-2 s-1,non-linear slope,147.62,11.71,9.42,180
others,3 WN1C 85,2021-08-18,10:22:00,2021,230,Rec,9.936652712244625,umol CO2 m-2 s-1,non-linear slope,1.04,11.58,9.53,180
CTL,81 AN1C 81,2021-08-18,11:00:05,2021,230,NEE,6.408909306471674,umol CO2 m-2 s-1,non-linear slope,215.19,12.28,10.17,180
CTL,81 AN1C 81,2021-08-18,11:04:05,2021,230,Rec,13.414832001113306,umol CO2 m-2 s-1,non-linear slope,1.99,12.19,9.6,180
CTL,109 AN3C 109,2021-08-18,14:42:35,2021,230,NEE,18.264590306309135,umol CO2 m-2 s-1,non-linear slope,272.13,14.07,12.22,180
CTL,109 AN3C 109,2021-08-18,14:46:30,2021,230,Rec,15.297262113703793,umol CO2 m-2 s-1,non-linear slope,2.85,13.84,11.87,180
others,29 WN3C 106,2021-08-18,14:58:20,2021,230,NEE,6.366057493254021,umol CO2 m-2 s-1,non-linear slope,281.43,12.33,12.57,180
others,29 WN3C 106,2021-08-18,15:02:25,2021,230,Rec,10.607582127629241,umol CO2 m-2 s-1,non-linear slope,2.72,12.09,11.71,180
others,158 WN2C 199,2021-08-19,11:54:50,2021,231,NEE,8.004012206616986,umol CO2 m-2 s-1,non-linear slope,359.03,13.51,17.85,180
others,158 WN2C 199,2021-08-19,11:59:00,2021,231,Rec,9.90699862184207,umol CO2 m-2 s-1,non-linear slope,0.58,13.31,16.9,180
others,85 WN1C 162,2021-08-19,14:53:00,2021,231,NEE,NA,umol CO2 m-2 s-1,non-linear slope,1009.55,16.07,19.82,180
others,85 WN1C 162,2021-08-19,14:57:30,2021,231,Rec,19.28640493715511,umol CO2 m-2 s-1,non-linear slope,2.04,16.18,19.67,180
others,105 WN3C 173,2021-08-19,16:16:00,2021,231,NEE,2.478590034139147,umol CO2 m-2 s-1,non-linear slope,510.29,16.36,21.64,180
others,105 WN3C 173,2021-08-19,16:20:10,2021,231,Rec,13.169157053903241,umol CO2 m-2 s-1,non-linear slope,2.13,15.83,19.86,180
others,74 WN2C 155,2021-08-20,12:00:05,2021,232,NEE,3.1901011922876803,umol CO2 m-2 s-1,non-linear slope,328.11,11.75,17.44,180
others,74 WN2C 155,2021-08-20,12:04:15,2021,232,Rec,9.16056217660031,umol CO2 m-2 s-1,non-linear slope,2.96,11.6,15.9,180
CTL,156 AN2C 156,2021-08-20,13:00:30,2021,232,NEE,6.781495001751405,umol CO2 m-2 s-1,non-linear slope,898.91,12.65,19.91,180
CTL,156 AN2C 156,2021-08-20,13:04:45,2021,232,Rec,17.7722649696657,umol CO2 m-2 s-1,non-linear slope,2.92,12.31,19.24,180
others,85 WN1C 162,2021-09-06,12:28:30,2021,249,NEE,5.823633292925361,umol CO2 m-2 s-1,non-linear slope,118.46,13.76,15.06,180
others,85 WN1C 162,2021-09-06,12:33:20,2021,249,Rec,8.310439718687823,umol CO2 m-2 s-1,non-linear slope,0.68,13.15,14.8,180
others,105 WN3C 173,2021-09-06,13:59:00,2021,249,NEE,4.15200161248878,umol CO2 m-2 s-1,non-linear slope,161.6,13.96,16.06,180
others,105 WN3C 173,2021-09-06,14:03:30,2021,249,Rec,3.2720130647041494,umol CO2 m-2 s-1,non-linear slope,1.12,13.93,15.85,180
CTL,27 AN3C 27,2021-09-07,11:06:40,2021,250,NEE,2.8108466396446956,umol CO2 m-2 s-1,non-linear slope,95.91,8.91,9.46,180
CTL,27 AN3C 27,2021-09-07,11:10:30,2021,250,Rec,4.413953422740704,umol CO2 m-2 s-1,non-linear slope,1.86,8.81,9.42,180
CTL,4 AN1C 4,2021-09-07,12:37:15,2021,250,NEE,2.405852013055878,umol CO2 m-2 s-1,non-linear slope,91.86,9.28,10.11,180
CTL,4 AN1C 4,2021-09-07,12:41:30,2021,250,Rec,2.222797538715386,umol CO2 m-2 s-1,non-linear slope,6.05,9.1,10.04,180
CTL,77 AN2C 77,2021-09-07,14:20:30,2021,250,NEE,1.3696415092704062,umol CO2 m-2 s-1,non-linear slope,110.34,9.09,10.28,180
CTL,77 AN2C 77,2021-09-07,14:24:45,2021,250,Rec,3.010884862676691,umol CO2 m-2 s-1,non-linear slope,1.99,8.95,10.08,180
others,29 WN3C 106,2021-09-08,10:45:00,2021,251,NEE,2.9459971221780723,umol CO2 m-2 s-1,non-linear slope,127.44,12.28,13.6,180
others,29 WN3C 106,2021-09-08,10:48:45,2021,251,Rec,5.8701220818805995,umol CO2 m-2 s-1,non-linear slope,1.88,12.17,13.31,180
CTL,109 AN3C 109,2021-09-08,11:08:50,2021,251,NEE,2.4217958454976194,umol CO2 m-2 s-1,non-linear slope,130.93,12.84,13.57,180
CTL,109 AN3C 109,2021-09-08,11:12:40,2021,251,Rec,2.8107033748939445,umol CO2 m-2 s-1,non-linear slope,4,12.31,13.37,180
CTL,81 AN1C 81,2021-09-08,12:31:45,2021,251,NEE,0,umol CO2 m-2 s-1,non-linear slope,208.07,14.03,15.2,180
CTL,81 AN1C 81,2021-09-08,12:35:20,2021,251,Rec,3.176326005352851,umol CO2 m-2 s-1,non-linear slope,2.8,13.53,14.8,180
others,3 WN1C 85,2021-09-08,12:47:30,2021,251,NEE,-0.28335284168205616,umol CO2 m-2 s-1,non-linear slope,291.44,14.43,15.62,180
others,3 WN1C 85,2021-09-08,12:51:20,2021,251,Rec,6.0975427784907446,umol CO2 m-2 s-1,non-linear slope,3.11,13.79,15.31,180
others,74 WN2C 155,2021-09-08,15:27:00,2021,251,NEE,2.9032569733851847,umol CO2 m-2 s-1,non-linear slope,428.38,14.88,17.96,180
others,74 WN2C 155,2021-09-08,15:31:00,2021,251,Rec,7.01160959160985,umol CO2 m-2 s-1,non-linear slope,3.59,15,18.57,180
CTL,156 AN2C 156,2021-09-08,15:42:45,2021,251,NEE,6.262448511620942,umol CO2 m-2 s-1,non-linear slope,818.38,15.79,23.06,180
CTL,156 AN2C 156,2021-09-08,15:46:45,2021,251,Rec,15.737373022435769,umol CO2 m-2 s-1,non-linear slope,1.91,15.73,22.25,180
others,158 WN2C 199,2021-09-09,16:36:30,2021,252,NEE,4.607429928756157,umol CO2 m-2 s-1,non-linear slope,182.9,18.31,22.52,180
others,158 WN2C 199,2021-09-09,16:40:30,2021,252,Rec,7.9211507133174095,umol CO2 m-2 s-1,non-linear slope,0.82,17.46,21.69,180
others,85 WN1C 162,2020-06-26,12:59:00,2020,178,Rec,18.34506934972701,umol CO2 m-2 s-1,non-linear slope,4.51,NA,31.86,120
others,85 WN1C 162,2020-06-26,13:16:00,2020,178,Rec,17.371212247343667,umol CO2 m-2 s-1,non-linear slope,4.32,NA,31.72,120
others,85 WN1C 162,2020-06-26,13:20:20,2020,178,Rec,23.460066113226745,umol CO2 m-2 s-1,non-linear slope,4.77,NA,32.54,120
others,85 WN1C 162,2020-06-26,13:25:00,2020,178,NEE,8.615138652901287,umol CO2 m-2 s-1,non-linear slope,1322.37,NA,33.75,120
others,85 WN1C 162,2020-06-26,13:30:00,2020,178,NEE,9.742760303575935,umol CO2 m-2 s-1,non-linear slope,1469.33,NA,36.44,120
others,85 WN1C 162,2020-06-26,13:34:00,2020,178,NEE,7.636258974869866,umol CO2 m-2 s-1,non-linear slope,1328.08,NA,37.56,120
others,105 WN3C 173,2020-06-26,13:49:30,2020,178,Rec,21.944912767717963,umol CO2 m-2 s-1,non-linear slope,3.82,NA,30.52,120
others,105 WN3C 173,2020-06-26,13:54:00,2020,178,Rec,15.958490457446592,umol CO2 m-2 s-1,non-linear slope,5.2,NA,30.59,120
others,105 WN3C 173,2020-06-26,13:59:00,2020,178,Rec,14.110906014603055,umol CO2 m-2 s-1,non-linear slope,3.56,NA,30.21,120
others,105 WN3C 173,2020-06-26,14:04:00,2020,178,NEE,4.609921326551062,umol CO2 m-2 s-1,non-linear slope,1188.05,NA,31.26,120
others,105 WN3C 173,2020-06-26,14:09:00,2020,178,NEE,9.35394038311993,umol CO2 m-2 s-1,non-linear slope,1235.74,NA,31.88,120
others,105 WN3C 173,2020-06-26,14:14:00,2020,178,NEE,20.416936845826033,umol CO2 m-2 s-1,non-linear slope,1239.82,NA,32.06,120
others,158 WN2C 199,2020-06-26,14:24:00,2020,178,Rec,3.904109887119767,umol CO2 m-2 s-1,non-linear slope,4,NA,33.29,120
others,158 WN2C 199,2020-06-26,14:29:00,2020,178,Rec,13.18283055606524,umol CO2 m-2 s-1,non-linear slope,3.41,NA,32.08,120
others,158 WN2C 199,2020-06-26,14:33:00,2020,178,Rec,12.915564283091031,umol CO2 m-2 s-1,non-linear slope,2.6,NA,31.88,120
others,158 WN2C 199,2020-06-26,14:39:00,2020,178,NEE,11.716632108909494,umol CO2 m-2 s-1,non-linear slope,1336.67,NA,33.76,120
others,158 WN2C 199,2020-06-26,14:43:00,2020,178,NEE,8.747577353943456,umol CO2 m-2 s-1,non-linear slope,1348.64,NA,34.32,120
others,158 WN2C 199,2020-06-26,14:47:00,2020,178,NEE,14.990943449568016,umol CO2 m-2 s-1,non-linear slope,1467.08,NA,34.49,120
CTL,156 AN2C 156,2020-06-26,18:02:30,2020,178,Rec,14.881523798339227,umol CO2 m-2 s-1,non-linear slope,2.16,NA,30.31,120
CTL,156 AN2C 156,2020-06-26,18:07:00,2020,178,Rec,16.254532163488093,umol CO2 m-2 s-1,non-linear slope,2.24,NA,28.28,120
CTL,156 AN2C 156,2020-06-26,18:11:00,2020,178,Rec,14.327495872536755,umol CO2 m-2 s-1,non-linear slope,2.21,NA,27.67,120
CTL,156 AN2C 156,2020-06-26,18:17:00,2020,178,NEE,8.700747901384249,umol CO2 m-2 s-1,non-linear slope,823.54,NA,29.69,120
CTL,156 AN2C 156,2020-06-26,18:21:00,2020,178,NEE,9.510832474064491,umol CO2 m-2 s-1,non-linear slope,802.88,NA,31.02,120
CTL,156 AN2C 156,2020-06-26,18:28:00,2020,178,NEE,7.344469600216308,umol CO2 m-2 s-1,non-linear slope,931.42,NA,30.79,120
CTL,109 AN3C 109,2020-06-26,18:36:30,2020,178,Rec,9.21484078351695,umol CO2 m-2 s-1,non-linear slope,2,NA,28.7,120
CTL,109 AN3C 109,2020-06-26,18:40:30,2020,178,Rec,10.247744200975866,umol CO2 m-2 s-1,non-linear slope,2.38,NA,27.15,120
CTL,109 AN3C 109,2020-06-26,18:45:00,2020,178,Rec,9.746043707513705,umol CO2 m-2 s-1,non-linear slope,1.96,NA,26.49,120
CTL,109 AN3C 109,2020-06-26,18:49:00,2020,178,NEE,9.260262103018352,umol CO2 m-2 s-1,non-linear slope,230.34,NA,27.64,120
CTL,109 AN3C 109,2020-06-26,18:53:00,2020,178,NEE,7.503431979015145,umol CO2 m-2 s-1,non-linear slope,423.72,NA,29.93,120
CTL,109 AN3C 109,2020-06-26,18:56:30,2020,178,NEE,7.972876279577303,umol CO2 m-2 s-1,non-linear slope,481.37,NA,30.51,120
CTL,81 AN1C 81,2020-06-26,19:01:00,2020,178,Rec,10.305499824434545,umol CO2 m-2 s-1,non-linear slope,2.72,NA,29.45,120
CTL,81 AN1C 81,2020-06-26,19:05:30,2020,178,Rec,19.153145045045875,umol CO2 m-2 s-1,non-linear slope,3.42,NA,27.47,120
CTL,81 AN1C 81,2020-06-26,19:09:30,2020,178,Rec,12.116333164786505,umol CO2 m-2 s-1,non-linear slope,3.47,NA,27.47,120
CTL,81 AN1C 81,2020-06-26,19:13:00,2020,178,NEE,6.171139667339876,umol CO2 m-2 s-1,non-linear slope,647.64,NA,28.49,120
CTL,81 AN1C 81,2020-06-26,19:16:45,2020,178,NEE,7.2709925987904676,umol CO2 m-2 s-1,non-linear slope,529.75,NA,30.31,120
CTL,81 AN1C 81,2020-06-26,19:20:30,2020,178,NEE,9.793622236363339,umol CO2 m-2 s-1,non-linear slope,389.34,NA,31.13,120
CTL,4 AN1C 4,2020-06-27,10:59:45,2020,179,Rec,5.681008454216293,umol CO2 m-2 s-1,non-linear slope,5.05,NA,19.26,120
CTL,4 AN1C 4,2020-06-27,11:03:30,2020,179,Rec,4.818992949204788,umol CO2 m-2 s-1,non-linear slope,4.8,NA,19.25,120
CTL,4 AN1C 4,2020-06-27,11:07:30,2020,179,Rec,4.515407805706571,umol CO2 m-2 s-1,non-linear slope,4.5,NA,19.09,120
CTL,4 AN1C 4,2020-06-27,11:11:00,2020,179,NEE,-0.4062680016930775,umol CO2 m-2 s-1,non-linear slope,1359.98,NA,20.5,120
CTL,4 AN1C 4,2020-06-27,11:15:00,2020,179,NEE,-0.7684867351550523,umol CO2 m-2 s-1,non-linear slope,1453.85,NA,24.12,120
CTL,4 AN1C 4,2020-06-27,11:19:00,2020,179,NEE,-9.884258332917416e-4,umol CO2 m-2 s-1,non-linear slope,1263.43,NA,25.24,120
CTL,27 AN3C 27,2020-06-27,11:24:00,2020,179,Rec,1.710302199616506,umol CO2 m-2 s-1,non-linear slope,3.92,NA,22.29,120
CTL,27 AN3C 27,2020-06-27,11:28:00,2020,179,Rec,4.73109573870913,umol CO2 m-2 s-1,non-linear slope,3.49,NA,20.54,120
CTL,27 AN3C 27,2020-06-27,11:32:00,2020,179,Rec,-4.564769301796815,umol CO2 m-2 s-1,non-linear slope,3.46,NA,19.88,120
CTL,27 AN3C 27,2020-06-27,11:37:00,2020,179,NEE,1.1477591713761037,umol CO2 m-2 s-1,non-linear slope,1321.58,NA,21.5,120
CTL,27 AN3C 27,2020-06-27,11:41:00,2020,179,NEE,0.4515677421616026,umol CO2 m-2 s-1,non-linear slope,1495.96,NA,22.73,120
CTL,27 AN3C 27,2020-06-27,11:45:30,2020,179,NEE,1.0566351425701517,umol CO2 m-2 s-1,non-linear slope,1299.28,NA,23.31,120
others,74 WN2C 155,2020-06-27,13:54:00,2020,179,Rec,5.783238923623189,umol CO2 m-2 s-1,non-linear slope,4.69,NA,29.54,120
others,74 WN2C 155,2020-06-27,13:58:00,2020,179,Rec,6.263656728401335,umol CO2 m-2 s-1,non-linear slope,3.45,NA,27.8,120
others,74 WN2C 155,2020-06-27,14:02:00,2020,179,Rec,6.45157014025068,umol CO2 m-2 s-1,non-linear slope,3.82,NA,27.51,120
others,74 WN2C 155,2020-06-27,14:06:00,2020,179,NEE,0.8360280353205602,umol CO2 m-2 s-1,non-linear slope,1118.94,NA,30.07,120
others,74 WN2C 155,2020-06-27,14:10:00,2020,179,NEE,0.4783330488381056,umol CO2 m-2 s-1,non-linear slope,1267.98,NA,32.95,120
others,74 WN2C 155,2020-06-27,14:13:30,2020,179,NEE,0.7250506895163001,umol CO2 m-2 s-1,non-linear slope,1256.42,NA,33.73,120
others,29 WN3C 106,2020-06-27,14:20:30,2020,179,Rec,6.476920448992211,umol CO2 m-2 s-1,non-linear slope,5.53,NA,28.62,120
others,29 WN3C 106,2020-06-27,14:24:30,2020,179,Rec,9.05104282396123,umol CO2 m-2 s-1,non-linear slope,5.43,NA,28.27,120
others,29 WN3C 106,2020-06-27,14:28:30,2020,179,Rec,8.567466253146327,umol CO2 m-2 s-1,non-linear slope,4.93,NA,28.19,120
others,29 WN3C 106,2020-06-27,14:32:00,2020,179,NEE,4.363727337245644,umol CO2 m-2 s-1,non-linear slope,1427.89,NA,29.03,120
others,29 WN3C 106,2020-06-27,14:35:30,2020,179,NEE,3.957684520341725,umol CO2 m-2 s-1,non-linear slope,1110.5,NA,31.76,120
others,29 WN3C 106,2020-06-27,14:39:45,2020,179,NEE,4.299359337208972,umol CO2 m-2 s-1,non-linear slope,405.27,NA,29.9,120
others,3 WN1C 85,2020-06-27,14:46:00,2020,179,Rec,3.795340352636949,umol CO2 m-2 s-1,non-linear slope,1.5,NA,25.09,120
others,3 WN1C 85,2020-06-27,14:50:00,2020,179,Rec,3.7769663636120088,umol CO2 m-2 s-1,non-linear slope,1.76,NA,23.42,120
others,3 WN1C 85,2020-06-27,14:54:30,2020,179,Rec,4.3493523650853785,umol CO2 m-2 s-1,non-linear slope,1.77,NA,23.11,120
others,3 WN1C 85,2020-06-27,14:58:30,2020,179,NEE,0.5935021858063205,umol CO2 m-2 s-1,non-linear slope,502.05,NA,23.43,120
others,3 WN1C 85,2020-06-27,15:02:30,2020,179,NEE,2.1363523775056854,umol CO2 m-2 s-1,non-linear slope,395.31,NA,24.37,120
others,3 WN1C 85,2020-06-27,15:06:30,2020,179,NEE,0.9841941584609306,umol CO2 m-2 s-1,non-linear slope,450.85,NA,24.32,120
others,85 WN1C 162,2020-07-14,11:51:30,2020,196,Rec,18.279355992076812,umol CO2 m-2 s-1,non-linear slope,1.01,NA,15.28,120
others,85 WN1C 162,2020-07-14,11:57:30,2020,196,Rec,16.27093606981663,umol CO2 m-2 s-1,non-linear slope,1.52,NA,15.08,120
others,85 WN1C 162,2020-07-14,12:01:00,2020,196,Rec,NA,umol CO2 m-2 s-1,non-linear slope,1.75,NA,15.2,120
others,85 WN1C 162,2020-07-14,12:04:30,2020,196,NEE,0,umol CO2 m-2 s-1,non-linear slope,440.18,NA,15.91,120
others,85 WN1C 162,2020-07-14,12:08:00,2020,196,NEE,-1.2622857035398156,umol CO2 m-2 s-1,non-linear slope,348.28,NA,16.64,120
others,85 WN1C 162,2020-07-14,12:12:30,2020,196,NEE,-3.1891787516662284,umol CO2 m-2 s-1,non-linear slope,371.48,NA,16.74,120
others,105 WN3C 173,2020-07-14,12:32:00,2020,196,Rec,11.041916212412415,umol CO2 m-2 s-1,non-linear slope,0.93,NA,15.9,120
others,105 WN3C 173,2020-07-14,12:36:30,2020,196,Rec,16.69436936168837,umol CO2 m-2 s-1,non-linear slope,0.84,NA,15.39,120
others,105 WN3C 173,2020-07-14,12:40:30,2020,196,Rec,10.926913437848047,umol CO2 m-2 s-1,non-linear slope,0.95,NA,15.43,120
others,105 WN3C 173,2020-07-14,12:45:00,2020,196,NEE,3.760508341874278,umol CO2 m-2 s-1,non-linear slope,321.45,NA,15.62,120
others,105 WN3C 173,2020-07-14,12:48:30,2020,196,NEE,0,umol CO2 m-2 s-1,non-linear slope,329.95,NA,16.67,120
others,105 WN3C 173,2020-07-14,12:52:00,2020,196,NEE,4.568783967364815,umol CO2 m-2 s-1,non-linear slope,312.45,NA,16.69,120
others,158 WN2C 199,2020-07-14,13:59:30,2020,196,Rec,14.19056512169461,umol CO2 m-2 s-1,non-linear slope,1.54,NA,16.54,120
others,158 WN2C 199,2020-07-14,14:03:00,2020,196,Rec,NA,umol CO2 m-2 s-1,non-linear slope,1.72,NA,16.26,120
others,158 WN2C 199,2020-07-14,14:07:00,2020,196,Rec,11.474883678201452,umol CO2 m-2 s-1,non-linear slope,1.73,NA,15.57,120
others,158 WN2C 199,2020-07-14,14:11:00,2020,196,NEE,5.681127510777585,umol CO2 m-2 s-1,non-linear slope,153.53,NA,15.24,120
others,158 WN2C 199,2020-07-14,14:14:30,2020,196,NEE,NA,umol CO2 m-2 s-1,non-linear slope,186.66,NA,15.32,120
others,158 WN2C 199,2020-07-14,14:18:00,2020,196,NEE,0,umol CO2 m-2 s-1,non-linear slope,236.86,NA,15.25,120
CTL,81 AN1C 81,2020-07-14,17:58:15,2020,196,Rec,10.205329640577489,umol CO2 m-2 s-1,non-linear slope,1.39,NA,16.92,120
CTL,81 AN1C 81,2020-07-14,18:03:30,2020,196,Rec,12.255872226074894,umol CO2 m-2 s-1,non-linear slope,1.4,NA,15.44,120
CTL,81 AN1C 81,2020-07-14,18:07:00,2020,196,Rec,2.7887979041820756,umol CO2 m-2 s-1,non-linear slope,1.39,NA,15.26,120
CTL,81 AN1C 81,2020-07-14,18:13:00,2020,196,NEE,3.132421395347472,umol CO2 m-2 s-1,non-linear slope,364.07,NA,15.71,120
CTL,81 AN1C 81,2020-07-14,18:16:30,2020,196,NEE,-1.1985756252727053,umol CO2 m-2 s-1,non-linear slope,443.1,NA,16.36,120
CTL,81 AN1C 81,2020-07-14,18:20:30,2020,196,NEE,3.1353216807720297,umol CO2 m-2 s-1,non-linear slope,431.65,NA,16.88,120
CTL,109 AN3C 109,2020-07-14,18:28:30,2020,196,Rec,24.891197992880787,umol CO2 m-2 s-1,non-linear slope,1.55,NA,17.46,120
CTL,109 AN3C 109,2020-07-14,18:32:30,2020,196,Rec,11.0689294089172,umol CO2 m-2 s-1,non-linear slope,1.52,NA,17.94,120
CTL,109 AN3C 109,2020-07-14,18:36:30,2020,196,Rec,11.368876904085015,umol CO2 m-2 s-1,non-linear slope,1.25,NA,17.96,120
CTL,109 AN3C 109,2020-07-14,18:40:30,2020,196,NEE,7.5165367704568995,umol CO2 m-2 s-1,non-linear slope,258.57,NA,17.39,120
CTL,109 AN3C 109,2020-07-14,18:44:00,2020,196,NEE,5.328163881598342,umol CO2 m-2 s-1,non-linear slope,282.75,NA,17.52,120
CTL,109 AN3C 109,2020-07-14,18:47:30,2020,196,NEE,-1.2554682030330566,umol CO2 m-2 s-1,non-linear slope,266.03,NA,16.41,120
CTL,156 AN2C 156,2020-07-14,18:55:30,2020,196,Rec,2.466922705926178,umol CO2 m-2 s-1,non-linear slope,1.38,NA,16.17,120
CTL,156 AN2C 156,2020-07-14,18:59:00,2020,196,Rec,10.03206380714934,umol CO2 m-2 s-1,non-linear slope,0.94,NA,15.38,120
CTL,156 AN2C 156,2020-07-14,19:03:30,2020,196,Rec,13.433743761714227,umol CO2 m-2 s-1,non-linear slope,0.85,NA,16.1,120
CTL,156 AN2C 156,2020-07-14,19:07:30,2020,196,NEE,7.978708331471951,umol CO2 m-2 s-1,non-linear slope,142.4,NA,14.42,120
CTL,156 AN2C 156,2020-07-14,19:11:15,2020,196,NEE,9.767541024359867,umol CO2 m-2 s-1,non-linear slope,125.78,NA,14.1,120
CTL,156 AN2C 156,2020-07-14,19:15:00,2020,196,NEE,11.41920283082065,umol CO2 m-2 s-1,non-linear slope,143.44,NA,13.66,120
CTL,4 AN1C 4,2020-07-15,10:44:30,2020,197,Rec,1.1265624909132492,umol CO2 m-2 s-1,non-linear slope,1.49,NA,13.63,120
CTL,4 AN1C 4,2020-07-15,10:48:00,2020,197,Rec,0.6491473680679558,umol CO2 m-2 s-1,non-linear slope,1.22,NA,13.01,120
CTL,4 AN1C 4,2020-07-15,10:51:30,2020,197,Rec,2.7226565183344134,umol CO2 m-2 s-1,non-linear slope,1.35,NA,12.38,120
CTL,4 AN1C 4,2020-07-15,10:55:00,2020,197,NEE,0,umol CO2 m-2 s-1,non-linear slope,307.12,NA,12.42,120
CTL,4 AN1C 4,2020-07-15,10:59:00,2020,197,NEE,-13.919335326634307,umol CO2 m-2 s-1,non-linear slope,555.77,NA,12.72,120
CTL,4 AN1C 4,2020-07-15,11:03:00,2020,197,NEE,-2.183280106313774,umol CO2 m-2 s-1,non-linear slope,697.24,NA,13.72,120
CTL,27 AN3C 27,2020-07-15,11:10:45,2020,197,Rec,2.983262160599419,umol CO2 m-2 s-1,non-linear slope,5.54,NA,17.65,120
CTL,27 AN3C 27,2020-07-15,11:14:30,2020,197,Rec,11.970078814853212,umol CO2 m-2 s-1,non-linear slope,3.89,NA,16.37,120
CTL,27 AN3C 27,2020-07-15,11:17:30,2020,197,Rec,0,umol CO2 m-2 s-1,non-linear slope,1.88,NA,16.34,120
CTL,27 AN3C 27,2020-07-15,11:23:00,2020,197,NEE,9.321690696194134,umol CO2 m-2 s-1,non-linear slope,408.95,NA,15.18,120
CTL,27 AN3C 27,2020-07-15,11:26:00,2020,197,NEE,0,umol CO2 m-2 s-1,non-linear slope,441.43,NA,15.48,120
CTL,27 AN3C 27,2020-07-15,11:30:00,2020,197,NEE,-1.225255317048548,umol CO2 m-2 s-1,non-linear slope,689.26,NA,15.55,120
CTL,77 AN2C 77,2020-07-15,11:40:30,2020,197,Rec,NA,umol CO2 m-2 s-1,non-linear slope,2.76,NA,15.11,120
CTL,77 AN2C 77,2020-07-15,11:45:15,2020,197,Rec,0,umol CO2 m-2 s-1,non-linear slope,2.33,NA,14.13,120
CTL,77 AN2C 77,2020-07-15,11:50:00,2020,197,Rec,3.3476670491337677,umol CO2 m-2 s-1,non-linear slope,2.24,NA,14.04,120
CTL,77 AN2C 77,2020-07-15,11:54:30,2020,197,NEE,NA,umol CO2 m-2 s-1,non-linear slope,331.75,NA,14.09,120
CTL,77 AN2C 77,2020-07-15,11:58:30,2020,197,NEE,0,umol CO2 m-2 s-1,non-linear slope,382.16,NA,14.13,120
CTL,77 AN2C 77,2020-07-15,12:02:00,2020,197,NEE,1.189399456123536,umol CO2 m-2 s-1,non-linear slope,330.62,NA,13.95,120
others,74 WN2C 155,2020-07-16,09:55:00,2020,198,Rec,6.478026765624142,umol CO2 m-2 s-1,non-linear slope,2.11,NA,18.94,120
others,74 WN2C 155,2020-07-16,09:59:30,2020,198,Rec,-1.3157944318729176,umol CO2 m-2 s-1,non-linear slope,8.94,NA,18.81,120
others,74 WN2C 155,2020-07-16,10:04:00,2020,198,Rec,-1.3348934856911074,umol CO2 m-2 s-1,non-linear slope,9.21,NA,19.45,120
others,74 WN2C 155,2020-07-16,10:09:00,2020,198,NEE,-3.3476755225017745,umol CO2 m-2 s-1,non-linear slope,435.49,NA,24.19,120
others,74 WN2C 155,2020-07-16,10:13:00,2020,198,NEE,0,umol CO2 m-2 s-1,non-linear slope,325.63,NA,25.89,120
others,74 WN2C 155,2020-07-16,10:17:00,2020,198,NEE,-0.3948624920274127,umol CO2 m-2 s-1,non-linear slope,277.23,NA,25.45,120
others,3 WN1C 85,2020-07-16,10:25:00,2020,198,Rec,3.149142924875379,umol CO2 m-2 s-1,non-linear slope,3.87,NA,21.53,120
others,3 WN1C 85,2020-07-16,10:28:30,2020,198,Rec,0,umol CO2 m-2 s-1,non-linear slope,4.54,NA,21.55,120
others,3 WN1C 85,2020-07-16,10:32:30,2020,198,Rec,4.595120526033928,umol CO2 m-2 s-1,non-linear slope,7.81,NA,23.53,120
others,3 WN1C 85,2020-07-16,10:37:30,2020,198,NEE,-4.27503219075339,umol CO2 m-2 s-1,non-linear slope,751.8,NA,23.1,120
others,3 WN1C 85,2020-07-16,10:41:30,2020,198,NEE,-2.2155386419697427,umol CO2 m-2 s-1,non-linear slope,728.41,NA,23.36,120
others,3 WN1C 85,2020-07-16,10:45:00,2020,198,NEE,0.9598374438232843,umol CO2 m-2 s-1,non-linear slope,753.51,NA,24.55,120
others,29 WN3C 106,2020-07-16,10:52:45,2020,198,Rec,6.335726979717609,umol CO2 m-2 s-1,non-linear slope,3.65,NA,20.62,120
others,29 WN3C 106,2020-07-16,10:56:30,2020,198,Rec,4.619498759859806,umol CO2 m-2 s-1,non-linear slope,3.47,NA,22.13,120
others,29 WN3C 106,2020-07-16,11:00:00,2020,198,Rec,3.4269934940242957,umol CO2 m-2 s-1,non-linear slope,4.57,NA,20.97,120
others,29 WN3C 106,2020-07-16,11:04:15,2020,198,NEE,-1.4467659834501694,umol CO2 m-2 s-1,non-linear slope,877.04,NA,21.75,120
others,29 WN3C 106,2020-07-16,11:08:00,2020,198,NEE,-1.7631214846794714,umol CO2 m-2 s-1,non-linear slope,888.45,NA,24.55,120
others,29 WN3C 106,2020-07-16,11:12:00,2020,198,NEE,3.017277528190031,umol CO2 m-2 s-1,non-linear slope,1007.59,NA,24.8,120
others,158 WN2C 199,2020-08-01,15:28:45,2020,214,Rec,28.563596505882945,umol CO2 m-2 s-1,non-linear slope,2.66,NA,30.85,120
others,158 WN2C 199,2020-08-01,15:33:15,2020,214,Rec,31.922590418682354,umol CO2 m-2 s-1,non-linear slope,2.84,NA,27.66,120
others,158 WN2C 199,2020-08-01,15:36:45,2020,214,Rec,40.378398658034804,umol CO2 m-2 s-1,non-linear slope,2.85,NA,28.23,120
others,158 WN2C 199,2020-08-01,15:42:00,2020,214,NEE,0.3094440513989428,umol CO2 m-2 s-1,non-linear slope,182.96,NA,29.04,120
others,158 WN2C 199,2020-08-01,15:45:44,2020,214,NEE,14.887918143600647,umol CO2 m-2 s-1,non-linear slope,174.15,NA,29.99,120
others,158 WN2C 199,2020-08-01,15:49:00,2020,214,NEE,12.955447353800013,umol CO2 m-2 s-1,non-linear slope,187.69,NA,29.67,120
others,85 WN1C 162,2020-08-01,16:24:00,2020,214,Rec,38.42560326555007,umol CO2 m-2 s-1,non-linear slope,2.19,NA,27.58,120
others,85 WN1C 162,2020-08-01,16:29:15,2020,214,Rec,31.703734186497268,umol CO2 m-2 s-1,non-linear slope,3.05,NA,27.29,120
others,85 WN1C 162,2020-08-01,16:34:00,2020,214,Rec,40.71578093223182,umol CO2 m-2 s-1,non-linear slope,1.55,NA,27.59,120
others,85 WN1C 162,2020-08-01,16:38:15,2020,214,NEE,17.51991265996879,umol CO2 m-2 s-1,non-linear slope,605.42,NA,27.92,120
others,85 WN1C 162,2020-08-01,16:46:00,2020,214,NEE,16.884315328376903,umol CO2 m-2 s-1,non-linear slope,462.02,NA,30.56,120
others,85 WN1C 162,2020-08-01,16:50:30,2020,214,NEE,15.867223379225795,umol CO2 m-2 s-1,non-linear slope,475.65,NA,28.62,120
others,105 WN3C 173,2020-08-01,16:56:30,2020,214,Rec,31.636365221866235,umol CO2 m-2 s-1,non-linear slope,2.7,NA,28.66,120
others,105 WN3C 173,2020-08-01,17:00:15,2020,214,Rec,37.47106879741009,umol CO2 m-2 s-1,non-linear slope,2.37,NA,27.07,120
others,105 WN3C 173,2020-08-01,17:03:45,2020,214,Rec,36.586440953049305,umol CO2 m-2 s-1,non-linear slope,1.24,NA,26.92,120
others,105 WN3C 173,2020-08-01,17:08:45,2020,214,NEE,18.754927234249067,umol CO2 m-2 s-1,non-linear slope,456.91,NA,26.97,120
others,105 WN3C 173,2020-08-01,17:12:45,2020,214,NEE,19.72940580656693,umol CO2 m-2 s-1,non-linear slope,280.24,NA,26.45,120
others,105 WN3C 173,2020-08-01,17:16:30,2020,214,NEE,17.825978328574518,umol CO2 m-2 s-1,non-linear slope,284.2,NA,25.47,120
CTL,4 AN1C 4,2020-08-02,12:03:30,2020,215,Rec,6.301343804233193,umol CO2 m-2 s-1,non-linear slope,4.23,NA,21.67,120
CTL,4 AN1C 4,2020-08-02,12:07:45,2020,215,Rec,11.208908373622485,umol CO2 m-2 s-1,non-linear slope,1.55,NA,19.18,120
CTL,4 AN1C 4,2020-08-02,12:11:30,2020,215,Rec,8.371669670496152,umol CO2 m-2 s-1,non-linear slope,2.19,NA,18.25,120
CTL,4 AN1C 4,2020-08-02,12:18:00,2020,215,NEE,2.951724947962148,umol CO2 m-2 s-1,non-linear slope,380.03,NA,17.99,120
CTL,4 AN1C 4,2020-08-02,12:22:00,2020,215,NEE,-3.877758898535562,umol CO2 m-2 s-1,non-linear slope,417.42,NA,17.69,120
CTL,4 AN1C 4,2020-08-02,12:26:30,2020,215,NEE,-13.018942180350132,umol CO2 m-2 s-1,non-linear slope,1913.13,NA,17.75,120
CTL,27 AN3C 27,2020-08-02,12:49:45,2020,215,Rec,8.223317629464795,umol CO2 m-2 s-1,non-linear slope,0.93,NA,20.05,120
CTL,27 AN3C 27,2020-08-02,12:53:15,2020,215,Rec,11.530813679165277,umol CO2 m-2 s-1,non-linear slope,5,NA,17.78,120
CTL,27 AN3C 27,2020-08-02,12:56:45,2020,215,Rec,11.268947477893066,umol CO2 m-2 s-1,non-linear slope,4.7,NA,16.81,120
CTL,27 AN3C 27,2020-08-02,13:00:15,2020,215,NEE,7.314699351838259,umol CO2 m-2 s-1,non-linear slope,266.72,NA,16.29,120
CTL,27 AN3C 27,2020-08-02,13:04:15,2020,215,NEE,7.39124617610829,umol CO2 m-2 s-1,non-linear slope,317.8,NA,15.83,120
CTL,27 AN3C 27,2020-08-02,13:08:30,2020,215,NEE,8.45868435623049,umol CO2 m-2 s-1,non-linear slope,266.16,NA,14.59,120
CTL,77 AN2C 77,2020-08-02,14:13:15,2020,215,Rec,11.208228035111194,umol CO2 m-2 s-1,non-linear slope,0.37,NA,12.86,120
CTL,77 AN2C 77,2020-08-02,14:17:30,2020,215,Rec,4.200656047681716,umol CO2 m-2 s-1,non-linear slope,0.08,NA,11.14,120
CTL,77 AN2C 77,2020-08-02,14:21:45,2020,215,Rec,12.892113489163672,umol CO2 m-2 s-1,non-linear slope,0.11,NA,10.24,120
CTL,77 AN2C 77,2020-08-02,14:24:45,2020,215,NEE,8.476651351742069,umol CO2 m-2 s-1,non-linear slope,49.78,NA,9.76,120
CTL,77 AN2C 77,2020-08-02,14:28:00,2020,215,NEE,7.771259768054993,umol CO2 m-2 s-1,non-linear slope,75.57,NA,9.3,120
CTL,77 AN2C 77,2020-08-02,14:31:30,2020,215,NEE,6.626461497332793,umol CO2 m-2 s-1,non-linear slope,71.95,NA,9.15,120
CTL,81 AN1C 81,2020-08-03,09:20:45,2020,216,Rec,14.132405659453363,umol CO2 m-2 s-1,non-linear slope,0.85,NA,10.23,120
CTL,81 AN1C 81,2020-08-03,09:24:30,2020,216,Rec,19.911385409996793,umol CO2 m-2 s-1,non-linear slope,0.62,NA,9.31,120
CTL,81 AN1C 81,2020-08-03,09:29:45,2020,216,Rec,14.057369487686707,umol CO2 m-2 s-1,non-linear slope,0.83,NA,8.89,120
CTL,81 AN1C 81,2020-08-03,09:33:15,2020,216,NEE,12.464679451328216,umol CO2 m-2 s-1,non-linear slope,181.92,NA,9.02,120
CTL,81 AN1C 81,2020-08-03,09:38:00,2020,216,NEE,11.68852495148068,umol CO2 m-2 s-1,non-linear slope,170.13,NA,9.38,120
CTL,81 AN1C 81,2020-08-03,09:41:45,2020,216,NEE,11.537389181434193,umol CO2 m-2 s-1,non-linear slope,149.52,NA,9.52,120
CTL,109 AN3C 109,2020-08-03,09:45:15,2020,216,Rec,0,umol CO2 m-2 s-1,non-linear slope,77.79,NA,9.47,120
CTL,109 AN3C 109,2020-08-03,09:54:30,2020,216,Rec,15.291916049629899,umol CO2 m-2 s-1,non-linear slope,1.65,NA,8.59,120
CTL,109 AN3C 109,2020-08-03,09:59:15,2020,216,Rec,11.463150567381755,umol CO2 m-2 s-1,non-linear slope,1.42,NA,8.26,120
CTL,109 AN3C 109,2020-08-03,10:02:45,2020,216,NEE,5.614764243311603,umol CO2 m-2 s-1,non-linear slope,143.04,NA,8.25,120
CTL,109 AN3C 109,2020-08-03,10:06:45,2020,216,NEE,7.724965904435612,umol CO2 m-2 s-1,non-linear slope,184.33,NA,8.74,120
CTL,109 AN3C 109,2020-08-03,10:09:45,2020,216,NEE,2.773042421229411,umol CO2 m-2 s-1,non-linear slope,172.87,NA,8.9,120
others,29 WN3C 106,2020-08-03,10:23:00,2020,216,Rec,5.577354230295281,umol CO2 m-2 s-1,non-linear slope,1.11,NA,9.95,120
others,29 WN3C 106,2020-08-03,10:27:00,2020,216,Rec,3.8399427616227912,umol CO2 m-2 s-1,non-linear slope,1.46,NA,9.27,120
others,29 WN3C 106,2020-08-03,10:30:45,2020,216,Rec,4.674051688599688,umol CO2 m-2 s-1,non-linear slope,1.32,NA,9.03,120
others,29 WN3C 106,2020-08-03,10:35:30,2020,216,NEE,-5.526644035727876,umol CO2 m-2 s-1,non-linear slope,259.94,NA,9.06,120
others,29 WN3C 106,2020-08-03,10:39:30,2020,216,NEE,-9.006186018966412,umol CO2 m-2 s-1,non-linear slope,247.38,NA,9.83,120
others,29 WN3C 106,2020-08-03,10:43:00,2020,216,NEE,-5.72903649691248,umol CO2 m-2 s-1,non-linear slope,199.95,NA,10.05,120
others,3 WN1C 85,2020-08-03,10:50:15,2020,216,Rec,6.291495196494811,umol CO2 m-2 s-1,non-linear slope,1.27,NA,9.47,120
others,3 WN1C 85,2020-08-03,10:54:45,2020,216,Rec,5.567964391401419,umol CO2 m-2 s-1,non-linear slope,1.21,NA,9.01,120
others,3 WN1C 85,2020-08-03,10:58:30,2020,216,Rec,5.005353734003994,umol CO2 m-2 s-1,non-linear slope,1.14,NA,8.67,120
others,3 WN1C 85,2020-08-03,11:07:30,2020,216,NEE,1.2238902202519373,umol CO2 m-2 s-1,non-linear slope,175.23,NA,9.25,120
others,3 WN1C 85,2020-08-03,11:11:15,2020,216,NEE,1.78060592015317,umol CO2 m-2 s-1,non-linear slope,202.5,NA,9.36,120
others,3 WN1C 85,2020-08-03,11:15:15,2020,216,NEE,4.099191425648825,umol CO2 m-2 s-1,non-linear slope,179.64,NA,9.62,120
CTL,156 AN2C 156,2020-08-03,11:34:30,2020,216,Rec,16.610109513155972,umol CO2 m-2 s-1,non-linear slope,0.59,NA,8.92,120
CTL,156 AN2C 156,2020-08-03,11:38:45,2020,216,Rec,15.038691142287473,umol CO2 m-2 s-1,non-linear slope,0.62,NA,8.64,120
CTL,156 AN2C 156,2020-08-03,11:42:30,2020,216,Rec,16.112446888763344,umol CO2 m-2 s-1,non-linear slope,0.62,NA,8.45,120
CTL,156 AN2C 156,2020-08-03,11:46:00,2020,216,NEE,11.769176589215112,umol CO2 m-2 s-1,non-linear slope,78.37,NA,8.3,120
CTL,156 AN2C 156,2020-08-03,11:49:30,2020,216,NEE,9.07214983988387,umol CO2 m-2 s-1,non-linear slope,125.16,NA,8.75,120
CTL,156 AN2C 156,2020-08-03,11:53:30,2020,216,NEE,11.573714399337614,umol CO2 m-2 s-1,non-linear slope,89.3,NA,8.8,120
others,74 WN2C 155,2020-08-03,11:58:15,2020,216,Rec,4.268228147383266,umol CO2 m-2 s-1,non-linear slope,0.69,NA,8.59,120
others,74 WN2C 155,2020-08-03,12:02:00,2020,216,Rec,5.538781408521321,umol CO2 m-2 s-1,non-linear slope,0.79,NA,8.33,120
others,74 WN2C 155,2020-08-03,12:05:45,2020,216,Rec,6.955897163492572,umol CO2 m-2 s-1,non-linear slope,0.55,NA,8.38,120
others,74 WN2C 155,2020-08-03,12:10:15,2020,216,NEE,4.325209713516121,umol CO2 m-2 s-1,non-linear slope,92.62,NA,8.37,120
others,74 WN2C 155,2020-08-03,12:14:30,2020,216,NEE,5.13838870661096,umol CO2 m-2 s-1,non-linear slope,65.18,NA,8.47,120
others,74 WN2C 155,2020-08-03,12:19:00,2020,216,NEE,4.510772779659168,umol CO2 m-2 s-1,non-linear slope,64.51,NA,8.42,120
others,85 WN1C 162,2020-08-19,11:26:00,2020,232,Rec,30.44731664967951,umol CO2 m-2 s-1,non-linear slope,0.88,NA,20.28,120
others,85 WN1C 162,2020-08-19,11:30:00,2020,232,Rec,31.590013791597716,umol CO2 m-2 s-1,non-linear slope,0.93,NA,19.26,120
others,85 WN1C 162,2020-08-19,11:33:30,2020,232,Rec,34.742488550483365,umol CO2 m-2 s-1,non-linear slope,0.96,NA,19.33,120
others,85 WN1C 162,2020-08-19,11:37:30,2020,232,NEE,19.673273356072244,umol CO2 m-2 s-1,non-linear slope,212.27,NA,19.7,120
others,85 WN1C 162,2020-08-19,11:41:30,2020,232,NEE,18.428458829738002,umol CO2 m-2 s-1,non-linear slope,190.05,NA,20.25,120
others,85 WN1C 162,2020-08-19,11:45:15,2020,232,NEE,19.30752708297774,umol CO2 m-2 s-1,non-linear slope,148.07,NA,20.24,120
others,105 WN3C 173,2020-08-19,11:52:45,2020,232,Rec,30.989278590004755,umol CO2 m-2 s-1,non-linear slope,0.5,NA,19.39,120
others,105 WN3C 173,2020-08-19,11:56:30,2020,232,Rec,0,umol CO2 m-2 s-1,non-linear slope,0.79,NA,19.18,120
others,105 WN3C 173,2020-08-19,11:59:45,2020,232,Rec,4.459405717523306,umol CO2 m-2 s-1,non-linear slope,0.57,NA,19.07,120
others,105 WN3C 173,2020-08-19,12:04:15,2020,232,NEE,29.407386021627065,umol CO2 m-2 s-1,non-linear slope,200.34,NA,19.11,120
others,105 WN3C 173,2020-08-19,12:08:15,2020,232,NEE,15.4750927379668,umol CO2 m-2 s-1,non-linear slope,236.32,NA,19.55,120
others,105 WN3C 173,2020-08-19,12:11:45,2020,232,NEE,14.090358411830314,umol CO2 m-2 s-1,non-linear slope,275.43,NA,19.7,120
others,158 WN2C 199,2020-08-19,12:21:15,2020,232,Rec,36.76710783737025,umol CO2 m-2 s-1,non-linear slope,2.15,NA,20.23,120
others,158 WN2C 199,2020-08-19,12:24:45,2020,232,Rec,42.873887406343655,umol CO2 m-2 s-1,non-linear slope,1.4,NA,19.7,120
others,158 WN2C 199,2020-08-19,12:28:15,2020,232,Rec,36.81003995848726,umol CO2 m-2 s-1,non-linear slope,1.73,NA,19.9,120
others,158 WN2C 199,2020-08-19,12:32:00,2020,232,NEE,14.257954703588583,umol CO2 m-2 s-1,non-linear slope,409.87,NA,20.64,120
others,158 WN2C 199,2020-08-19,12:35:30,2020,232,NEE,14.239308974558707,umol CO2 m-2 s-1,non-linear slope,428.88,NA,22.06,120
others,158 WN2C 199,2020-08-19,12:39:15,2020,232,NEE,14.37091101720173,umol CO2 m-2 s-1,non-linear slope,410.82,NA,22.67,120
CTL,156 AN2C 156,2020-08-19,16:47:30,2020,232,Rec,28.545357428541188,umol CO2 m-2 s-1,non-linear slope,1.03,NA,23.14,120
CTL,156 AN2C 156,2020-08-19,16:50:45,2020,232,Rec,35.36659094759261,umol CO2 m-2 s-1,non-linear slope,1.05,NA,20.87,120
CTL,156 AN2C 156,2020-08-19,16:54:00,2020,232,Rec,25.263831990764253,umol CO2 m-2 s-1,non-linear slope,1.35,NA,19.78,120
CTL,156 AN2C 156,2020-08-19,16:57:45,2020,232,NEE,16.09268857738559,umol CO2 m-2 s-1,non-linear slope,214.56,NA,19.57,120
CTL,156 AN2C 156,2020-08-19,17:01:15,2020,232,NEE,13.284562418656229,umol CO2 m-2 s-1,non-linear slope,371.54,NA,19.76,120
CTL,156 AN2C 156,2020-08-19,17:04:30,2020,232,NEE,8.65785812090732,umol CO2 m-2 s-1,non-linear slope,337.59,NA,22,120
CTL,81 AN1C 81,2020-08-19,17:14:15,2020,232,Rec,15.838909441207239,umol CO2 m-2 s-1,non-linear slope,1.97,NA,22.19,120
CTL,81 AN1C 81,2020-08-19,17:17:45,2020,232,Rec,21.835071691866602,umol CO2 m-2 s-1,non-linear slope,2.19,NA,20.92,120
CTL,81 AN1C 81,2020-08-19,17:21:30,2020,232,Rec,20.38364508238717,umol CO2 m-2 s-1,non-linear slope,1.42,NA,20.35,120
CTL,81 AN1C 81,2020-08-19,17:25:00,2020,232,NEE,14.239700882162575,umol CO2 m-2 s-1,non-linear slope,259.42,NA,19.23,120
CTL,81 AN1C 81,2020-08-19,17:28:45,2020,232,NEE,17.461794385161937,umol CO2 m-2 s-1,non-linear slope,208.09,NA,20.39,120
CTL,81 AN1C 81,2020-08-19,17:32:15,2020,232,NEE,12.82574088805305,umol CO2 m-2 s-1,non-linear slope,143.18,NA,20.77,120
CTL,77 AN2C 77,2020-08-20,11:06:00,2020,233,Rec,2.5242301308303645,umol CO2 m-2 s-1,non-linear slope,2.32,NA,20.37,120
CTL,77 AN2C 77,2020-08-20,11:09:30,2020,233,Rec,2.7617047203016405,umol CO2 m-2 s-1,non-linear slope,1.71,NA,18.03,120
CTL,77 AN2C 77,2020-08-20,11:13:00,2020,233,Rec,3.8268797018601024,umol CO2 m-2 s-1,non-linear slope,2.24,NA,16.53,120
CTL,77 AN2C 77,2020-08-20,12:07:45,2020,233,NEE,0,umol CO2 m-2 s-1,non-linear slope,256.9,NA,16.2,120
CTL,77 AN2C 77,2020-08-20,12:11:45,2020,233,NEE,0,umol CO2 m-2 s-1,non-linear slope,289.32,NA,18.14,120
CTL,77 AN2C 77,2020-08-20,12:14:45,2020,233,NEE,0,umol CO2 m-2 s-1,non-linear slope,194.74,NA,17.84,120
CTL,4 AN1C 4,2020-08-20,12:21:15,2020,233,Rec,5.203325093287743,umol CO2 m-2 s-1,non-linear slope,3.58,NA,17.25,120
CTL,4 AN1C 4,2020-08-20,12:24:30,2020,233,Rec,2.25771600292455,umol CO2 m-2 s-1,non-linear slope,7.81,NA,16.74,120
CTL,4 AN1C 4,2020-08-20,12:28:00,2020,233,Rec,10.070313793537455,umol CO2 m-2 s-1,non-linear slope,4.91,NA,17.01,120
CTL,4 AN1C 4,2020-08-20,12:31:15,2020,233,NEE,-5.712030918539342,umol CO2 m-2 s-1,non-linear slope,1333.14,NA,17.98,120
CTL,4 AN1C 4,2020-08-20,12:34:45,2020,233,NEE,0.038822612660318744,umol CO2 m-2 s-1,non-linear slope,829.74,NA,21.23,120
CTL,4 AN1C 4,2020-08-20,12:38:30,2020,233,NEE,-3.166810665343241,umol CO2 m-2 s-1,non-linear slope,978.04,NA,22.65,120
CTL,27 AN3C 27,2020-08-20,12:42:45,2020,233,Rec,5.7446199485038285,umol CO2 m-2 s-1,non-linear slope,-0.01,NA,22.38,120
CTL,27 AN3C 27,2020-08-20,12:46:00,2020,233,Rec,12.30437168283756,umol CO2 m-2 s-1,non-linear slope,1.14,NA,19.97,120
CTL,27 AN3C 27,2020-08-20,12:49:00,2020,233,Rec,8.14541230120694,umol CO2 m-2 s-1,non-linear slope,4.1,NA,19.34,120
CTL,27 AN3C 27,2020-08-20,12:52:15,2020,233,NEE,1.2430901287946596,umol CO2 m-2 s-1,non-linear slope,1233.18,NA,18.98,120
CTL,27 AN3C 27,2020-08-20,12:56:10,2020,233,NEE,1.4620371007670536,umol CO2 m-2 s-1,non-linear slope,1240.06,NA,21.47,120
CTL,27 AN3C 27,2020-08-20,12:59:30,2020,233,NEE,1.5994245458547323,umol CO2 m-2 s-1,non-linear slope,1132.56,NA,22.67,120
others,74 WN2C 155,2020-08-20,15:02:15,2020,233,Rec,8.928186302589376,umol CO2 m-2 s-1,non-linear slope,5.05,NA,22.66,120
others,74 WN2C 155,2020-08-20,15:05:45,2020,233,Rec,11.254729521215472,umol CO2 m-2 s-1,non-linear slope,7.51,NA,21,120
others,74 WN2C 155,2020-08-20,15:09:15,2020,233,Rec,11.139666512320245,umol CO2 m-2 s-1,non-linear slope,7.24,NA,20.34,120
others,74 WN2C 155,2020-08-20,15:12:30,2020,233,NEE,5.163583692289471,umol CO2 m-2 s-1,non-linear slope,401.58,NA,19.18,120
others,74 WN2C 155,2020-08-20,15:16:00,2020,233,NEE,5.22380408579442,umol CO2 m-2 s-1,non-linear slope,387.93,NA,20.97,120
others,74 WN2C 155,2020-08-20,15:19:45,2020,233,NEE,1.4817548443664252,umol CO2 m-2 s-1,non-linear slope,393.99,NA,21.55,120
others,3 WN1C 85,2020-08-20,15:46:30,2020,233,Rec,5.910897969802009,umol CO2 m-2 s-1,non-linear slope,6.3,NA,21.1,120
others,3 WN1C 85,2020-08-20,15:50:00,2020,233,Rec,11.467765170827427,umol CO2 m-2 s-1,non-linear slope,4.73,NA,21.59,120
others,3 WN1C 85,2020-08-20,15:54:00,2020,233,Rec,16.418832874198092,umol CO2 m-2 s-1,non-linear slope,3.38,NA,21.81,120
others,3 WN1C 85,2020-08-20,15:57:00,2020,233,NEE,-7.527362372990897,umol CO2 m-2 s-1,non-linear slope,642.56,NA,21.34,120
others,3 WN1C 85,2020-08-20,16:00:15,2020,233,NEE,-13.23643573496848,umol CO2 m-2 s-1,non-linear slope,1121.48,NA,22.74,120
others,3 WN1C 85,2020-08-20,16:03:30,2020,233,NEE,-4.679624647439039,umol CO2 m-2 s-1,non-linear slope,734.55,NA,24.54,120
others,29 WN3C 106,2020-08-20,16:08:30,2020,233,Rec,12.425784105916764,umol CO2 m-2 s-1,non-linear slope,2.76,NA,26.22,120
others,29 WN3C 106,2020-08-20,16:11:45,2020,233,Rec,15.129236925428813,umol CO2 m-2 s-1,non-linear slope,2.59,NA,24.91,120
others,29 WN3C 106,2020-08-20,16:15:15,2020,233,Rec,17.665083069117607,umol CO2 m-2 s-1,non-linear slope,5.66,NA,23.25,120
others,29 WN3C 106,2020-08-20,16:18:45,2020,233,NEE,-1.9197149855447821,umol CO2 m-2 s-1,non-linear slope,395.98,NA,23.21,120
others,29 WN3C 106,2020-08-20,16:22:45,2020,233,NEE,0.8477954774334845,umol CO2 m-2 s-1,non-linear slope,407.15,NA,23.03,120
others,29 WN3C 106,2020-08-20,16:25:45,2020,233,NEE,1.7349475992331311,umol CO2 m-2 s-1,non-linear slope,340.49,NA,22.77,120
CTL,109 AN3C 109,2020-08-20,16:29:15,2020,233,Rec,12.350410895245977,umol CO2 m-2 s-1,non-linear slope,3.17,NA,22.98,120
CTL,109 AN3C 109,2020-08-20,16:32:30,2020,233,Rec,13.471932494781084,umol CO2 m-2 s-1,non-linear slope,2.78,NA,21.68,120
CTL,109 AN3C 109,2020-08-20,16:40:45,2020,233,Rec,20.279593887433357,umol CO2 m-2 s-1,non-linear slope,1.3,NA,19.38,120
CTL,109 AN3C 109,2020-08-20,16:43:45,2020,233,NEE,9.356443783915925,umol CO2 m-2 s-1,non-linear slope,273.46,NA,19.36,120
CTL,109 AN3C 109,2020-08-20,16:46:45,2020,233,NEE,9.895870548119674,umol CO2 m-2 s-1,non-linear slope,360.2,NA,19.74,120
CTL,109 AN3C 109,2020-08-20,16:50:00,2020,233,NEE,7.169959727797785,umol CO2 m-2 s-1,non-linear slope,338.99,NA,20.45,120
